Symbol ,Date , Settlement Date ,Series ,Open Price ,High Price ,Low Price ,PREV. CLOSE ,Close Price ,52 weeks High ,52 weeks Low ,Total Traded Quantity ,Total Traded Value in Rs.,Number of Trades 
RELIANCE,2020-01-06,06-FEB-2020,X2,1.0,1.0,1.0,0.5,1.0,1.0,0.1,206,206.00,1
RELIANCE,2020-01-10,06-FEB-2020,X2,0.1,0.1,0.1,1.0,0.1,1.0,0.1,206,21.00,1
RELIANCE,2020-01-13,06-FEB-2020,X2,0.25,0.25,0.25,0.1,0.25,1.0,0.1,"9,300","2,325.00",2
RELIANCE,2020-01-30,05-MAR-2020,X3,0.2,0.2,0.2,0.25,0.2,1.0,0.05,"2,180",436.00,2
RELIANCE,2020-01-31,06-FEB-2020,X2,0.1,0.1,0.09,0.25,0.1,1.0,0.09,"29,918","2,897.00",10
RELIANCE,2020-02-01,05-MAR-2020,X3,1.0,1.0,1.0,1.0,1.0,1.0,0.05,"1,000","1,000.00",2
RELIANCE,2020-02-03,05-MAR-2020,X3,0.5,0.99,0.4,1.0,0.5,1.0,0.05,"1,07,228","51,792.00",70
RELIANCE,2020-02-05,05-MAR-2020,X3,0.49,0.5,0.3,0.5,0.3,1.0,0.05,"42,810","15,219.00",11
RELIANCE,2020-02-06,05-MAR-2020,X3,0.25,0.35,0.25,0.3,0.35,1.0,0.05,"43,103","12,774.00",8
RELIANCE,2020-02-07,05-MAR-2020,X3,0.25,0.25,0.25,0.35,0.25,1.0,0.05,50,13.00,1
RELIANCE,2020-02-10,05-MAR-2020,M1,0.25,0.4,0.25,0.25,0.4,0.4,0.25,"15,958","4,365.00",4
RELIANCE,2020-02-11,05-MAR-2020,X3,0.4,1.0,0.25,0.25,1.0,1.0,0.2,"12,000","5,202.00",13
RELIANCE,2020-02-12,05-MAR-2020,X3,0.25,1.49,0.25,1.0,0.5,1.49,0.2,"8,508","4,116.00",9
RELIANCE,2020-02-13,05-MAR-2020,X3,0.48,0.5,0.25,0.5,0.45,1.49,0.2,"30,529","14,605.00",9
RELIANCE,2020-02-14,05-MAR-2020,X3,0.4,0.5,0.4,0.45,0.5,1.49,0.2,"7,330","3,506.00",3
RELIANCE,2020-02-17,05-MAR-2020,M1,0.5,0.5,0.49,0.25,0.5,0.5,0.25,"24,442","12,207.00",8
RELIANCE,2020-02-18,05-MAR-2020,M1,0.6,0.8,0.5,0.5,0.8,0.8,0.25,"13,058","6,590.00",9
RELIANCE,2020-02-19,05-MAR-2020,M1,0.5,0.75,0.5,0.8,0.75,0.8,0.25,"12,000","6,750.00",9
RELIANCE,2020-02-20,05-MAR-2020,M1,1.0,1.0,1.0,0.75,1.0,1.0,0.25,500,500.00,1
RELIANCE,2020-02-25,03-APR-2020,X4,0.25,0.39,0.25,2.0,0.35,0.39,0.25,"10,500","3,087.00",3
RELIANCE,2020-02-26,05-MAR-2020,M1,0.5,0.5,0.5,1.0,0.5,1.0,0.25,"1,000",500.00,2
RELIANCE,2020-02-28,03-APR-2020,X4,0.4,0.55,0.4,0.35,0.5,0.55,0.25,"12,500","6,118.00",13
RELIANCE,2020-03-03,03-APR-2020,X4,0.39,0.39,0.39,0.5,0.39,0.55,0.25,"25,300","9,867.00",3
RELIANCE,2020-03-05,03-APR-2020,X4,0.25,0.4,0.25,0.39,0.4,0.55,0.25,"5,028","1,261.00",2
RELIANCE,2020-03-06,03-APR-2020,X4,0.5,0.5,0.5,0.4,0.5,0.55,0.25,"5,000","2,500.00",1
RELIANCE,2020-03-09,03-APR-2020,X4,0.4,0.4,0.4,0.5,0.4,0.55,0.25,35,14.00,1
RELIANCE,2020-03-11,03-APR-2020,X4,0.87,0.99,0.5,0.4,0.6,0.99,0.25,"17,000","12,475.00",11
RELIANCE,2020-03-12,03-APR-2020,X4,0.5,0.5,0.5,0.6,0.5,0.99,0.25,81,41.00,1
RELIANCE,2020-03-13,03-APR-2020,X4,0.89,0.89,0.89,0.5,0.89,0.99,0.25,3,3.00,1
RELIANCE,2020-03-20,03-APR-2020,A1,2.0,2.0,0.5,28.46,0.5,2.0,0.5,"26,500","26,800.00",6
RELIANCE,2020-03-24,08-MAY-2020,X5,1.25,1.5,1.25,1.4,1.5,1.5,0.75,"18,993","28,096.00",6
RELIANCE,2020-03-26,08-MAY-2020,X5,2.0,2.0,2.0,1.5,2.0,2.0,0.75,500,"1,000.00",1
RELIANCE,2020-03-27,03-APR-2020,X4,10.0,10.0,10.0,1.0,10.0,10.0,0.25,"1,500","15,000.00",6
RELIANCE,2020-03-30,08-MAY-2020,X5,0.5,0.7,0.5,0.75,0.7,2.0,0.5,"45,563","25,332.00",29
RELIANCE,2020-03-31,08-MAY-2020,X5,1.0,1.0,0.5,0.7,0.5,2.0,0.5,"5,658","3,158.00",3
RELIANCE,2020-04-01,08-MAY-2020,X5,0.25,0.75,0.25,0.5,0.75,2.0,0.25,"5,040","3,760.00",3
RELIANCE,2020-04-03,08-MAY-2020,X5,0.5,0.5,0.5,0.75,0.5,2.0,0.25,"50,000","25,000.00",12
RELIANCE,2020-04-08,08-MAY-2020,X5,0.5,0.5,0.5,0.5,0.5,2.0,0.25,"2,000","1,000.00",2
RELIANCE,2020-04-21,08-MAY-2020,X5,1.5,1.5,0.5,0.5,0.5,2.0,0.25,459,671.00,2
RELIANCE,2020-04-22,08-MAY-2020,X5,0.45,0.5,0.45,0.5,0.5,2.0,0.25,"1,185",560.00,4
RELIANCE,2020-04-23,04-JUN-2020,X6,0.25,0.5,0.25,1.0,0.5,1.0,0.25,"46,600","17,165.00",8
RELIANCE,2020-04-24,04-JUN-2020,X6,0.5,0.5,0.45,0.5,0.45,1.0,0.25,"25,196","12,588.00",5
RELIANCE,2020-04-27,04-JUN-2020,X6,0.01,1.0,0.01,0.45,1.0,1.0,0.01,796,156.00,2
RELIANCE,2020-05-04,08-MAY-2020,X5,2.0,2.0,0.25,0.5,0.25,2.0,0.25,"1,742","2,186.00",2
RELIANCE,2020-05-08,04-JUN-2020,X6,0.25,0.47,0.25,0.9,0.47,1.0,0.01,"3,600","1,450.00",3
RELIANCE,2020-05-11,04-JUN-2020,X6,0.1,0.1,0.1,0.47,0.1,1.0,0.01,"14,000","1,400.00",1
RELIANCE,2020-05-15,04-JUN-2020,X6,0.9,0.9,0.9,0.1,0.9,1.0,0.01,50,45.00,1
RELIANCE,2020-05-22,04-JUN-2020,X6,0.75,0.75,0.75,0.9,0.75,1.0,0.01,30,23.00,1
RELIANCE,2020-05-27,02-JUL-2020,X7,0.5,0.5,0.5,0.01,0.5,0.5,0.01,"25,000","12,500.00",12
RELIANCE,2020-05-28,02-JUL-2020,X7,0.5,0.5,0.5,0.5,0.5,0.5,0.01,"53,000","26,500.00",27
RELIANCE,2020-05-29,02-JUL-2020,X7,0.95,0.95,0.7,0.5,0.75,0.95,0.01,"5,380","4,219.00",9
RELIANCE,2020-06-01,02-JUL-2020,X7,0.3,0.35,0.3,0.75,0.35,0.95,0.01,"30,200","9,070.00",5
RELIANCE,2020-06-02,02-JUL-2020,X7,1.0,1.0,0.5,0.35,0.7,1.0,0.01,"4,545","3,539.00",3
RELIANCE,2020-06-03,02-JUL-2020,X7,0.42,0.49,0.42,0.7,0.45,1.0,0.01,"23,000","10,358.00",9
RELIANCE,2020-06-04,02-JUL-2020,X7,0.5,0.5,0.49,0.45,0.49,1.0,0.01,541,269.00,3
RELIANCE,2020-06-05,02-JUL-2020,X7,1.0,1.0,1.0,0.49,1.0,1.0,0.01,27,27.00,1
RELIANCE,2020-06-08,02-JUL-2020,X7,1.0,1.0,1.0,1.0,1.0,1.0,0.01,10,10.00,1
RELIANCE,2020-06-17,06-AUG-2020,X8,0.25,0.9,0.25,0.5,0.8,0.9,0.05,"16,470","10,900.00",6
RELIANCE,2020-06-18,06-AUG-2020,X8,0.5,0.58,0.5,0.8,0.58,0.9,0.05,"38,900","22,162.00",5
RELIANCE,2020-06-19,02-JUL-2020,X7,0.99,0.99,0.99,1.0,0.99,1.0,0.1,"2,000","1,980.00",1
RELIANCE,2020-06-22,06-AUG-2020,X8,2.0,2.0,2.0,0.5,2.0,2.0,0.05,50,100.00,1
RELIANCE,2020-06-25,06-AUG-2020,X8,1.25,1.25,1.0,2.0,1.0,2.0,0.05,"6,010","7,260.00",8
RELIANCE,2020-06-26,02-JUL-2020,X7,0.25,0.3,0.25,0.99,0.3,1.0,0.1,"2,525",657.00,4
RELIANCE,2020-06-30,06-AUG-2020,X8,0.5,0.9,0.5,0.73,0.9,2.0,0.05,"1,060",550.00,2
RELIANCE,2020-07-06,06-AUG-2020,X8,1.0,1.0,0.4,0.9,0.4,2.0,0.05,"3,594","1,978.00",3
RELIANCE,2020-07-13,06-AUG-2020,X8,0.75,0.75,0.75,0.4,0.75,2.0,0.25,200,150.00,1
RELIANCE,2020-07-14,06-AUG-2020,X8,0.1,0.1,0.1,0.75,0.1,2.0,0.1,"1,776",178.00,1
RELIANCE,2020-07-17,06-AUG-2020,X8,0.1,0.1,0.1,0.1,0.1,2.0,0.1,"1,776",178.00,1
RELIANCE,2020-07-21,06-AUG-2020,X8,0.5,0.5,0.5,0.1,0.5,2.0,0.1,"1,010",505.00,1
RELIANCE,2020-07-23,06-AUG-2020,X8,0.3,0.4,0.3,0.5,0.4,2.0,0.1,"2,020",707.00,2
RELIANCE,2020-07-24,06-AUG-2020,X8,0.45,0.45,0.45,0.4,0.45,2.0,0.1,"2,000",900.00,1
RELIANCE,2020-07-29,03-SEP-2020,X9,0.25,0.25,0.25,0.25,0.25,1.0,0.25,"16,870","4,218.00",2
RELIANCE,2020-07-30,03-SEP-2020,X9,0.5,0.5,0.5,0.25,0.5,1.0,0.25,"1,153",577.00,2
RELIANCE,2020-07-31,03-SEP-2020,X9,0.5,0.5,0.49,0.5,0.5,1.0,0.25,"34,040","16,949.00",24
RELIANCE,2020-08-06,03-SEP-2020,X9,0.5,0.5,0.5,0.5,0.5,1.0,0.25,"25,225","12,613.00",2
RELIANCE,2020-08-11,03-SEP-2020,X9,0.5,0.5,0.5,0.5,0.5,0.5,0.25,102,51.00,1
RELIANCE,2020-08-17,03-SEP-2020,X9,0.5,0.5,0.5,0.5,0.5,0.5,0.25,112,56.00,1
RELIANCE,2020-08-18,03-SEP-2020,X9,0.25,0.25,0.25,0.5,0.25,0.5,0.25,113,28.00,1
RELIANCE,2020-08-19,03-SEP-2020,X9,0.5,0.5,0.49,0.25,0.49,0.5,0.25,"5,158","2,531.00",4
RELIANCE,2020-08-20,03-SEP-2020,S1,0.5,0.5,0.5,75.09,0.5,0.5,0.5,"1,000",500.00,1
RELIANCE,2020-08-27,03-SEP-2020,X9,0.47,0.47,0.4,0.49,0.4,0.5,0.25,"1,971",891.00,2
RELIANCE,2020-08-28,03-SEP-2020,X9,1.2,1.2,1.2,0.4,1.2,1.2,0.25,"1,010","1,212.00",2
RELIANCE,2020-09-02,01-OCT-2020,XO,0.95,5.0,0.95,0.75,5.0,5.0,0.25,"4,545","10,532.00",4
RELIANCE,2020-09-09,01-OCT-2020,XO,1.35,1.35,1.35,5.0,1.35,5.0,0.25,34,46.00,1
RELIANCE,2020-09-10,01-OCT-2020,XO,1.0,1.0,1.0,1.35,1.0,5.0,0.25,67,67.00,2
RELIANCE,2020-09-11,01-OCT-2020,XO,0.5,0.5,0.15,1.0,0.45,5.0,0.15,"2,490","1,189.00",7
RELIANCE,2020-09-14,01-OCT-2020,XO,0.9,0.9,0.85,0.45,0.85,5.0,0.15,256,219.00,2
RELIANCE,2020-09-22,01-OCT-2020,XO,0.9,0.9,0.9,0.85,0.9,5.0,0.15,150,135.00,1
RELIANCE,2020-09-24,01-OCT-2020,XO,0.4,0.4,0.4,0.9,0.4,5.0,0.15,"1,010",404.00,1
RELIANCE,2020-09-25,01-OCT-2020,XO,0.1,0.25,0.1,0.4,0.25,5.0,0.1,"6,515","1,234.00",4
RELIANCE,2020-09-29,05-NOV-2020,XN,0.9,0.9,0.9,0.5,0.9,3.0,0.1,505,455.00,1
RELIANCE,2020-09-30,05-NOV-2020,XN,0.5,0.5,0.5,0.9,0.5,3.0,0.1,700,350.00,3
RELIANCE,2020-10-01,05-NOV-2020,XN,0.5,0.5,0.5,0.5,0.5,3.0,0.1,"2,200","1,100.00",1
RELIANCE,2020-10-14,03-DEC-2020,XD,0.25,0.25,0.25,1.5,0.25,3.0,0.01,"17,324","4,331.00",2
RELIANCE,2020-10-15,05-NOV-2020,XN,0.25,0.25,0.25,0.5,0.25,0.9,0.1,"2,304",576.00,1
RELIANCE,2020-10-16,05-NOV-2020,N1,0.25,0.25,0.25,92.05,0.25,0.25,0.25,"2,304",576.00,1
RELIANCE,2020-10-27,05-NOV-2020,XN,0.5,0.5,0.5,0.25,0.5,0.9,0.1,"1,050",525.00,2
RELIANCE,2020-10-28,03-DEC-2020,XD,1.0,1.0,1.0,0.5,1.0,3.0,0.01,"50,000","50,000.00",7
RELIANCE,2020-10-30,03-DEC-2020,XD,0.49,0.49,0.4,1.0,0.49,3.0,0.01,"3,230","1,544.00",4
RELIANCE,2020-11-02,03-DEC-2020,XD,0.5,0.5,0.5,0.49,0.5,3.0,0.01,"10,350","5,175.00",3
RELIANCE,2020-11-05,03-DEC-2020,XD,1.0,1.0,1.0,0.5,1.0,3.0,0.01,505,505.00,1
RELIANCE,2020-11-12,03-DEC-2020,XD,0.99,0.99,0.99,1.0,0.99,3.0,0.01,50,50.00,1
RELIANCE,2020-11-20,03-DEC-2020,XD,0.25,0.25,0.25,0.99,0.25,3.0,0.01,2,1.00,1
RELIANCE,2020-11-23,03-DEC-2020,D1,0.25,0.25,0.25,0.25,0.25,0.25,0.25,"2,525",631.00,1
RELIANCE,2020-11-25,03-DEC-2020,XD,1.0,1.0,1.0,0.25,1.0,3.0,0.01,100,100.00,1
RELIANCE,2020-11-26,03-DEC-2020,XD,0.72,0.72,0.72,1.0,0.72,3.0,0.01,"1,252",901.00,1
RELIANCE,2020-11-27,03-DEC-2020,XD,0.2,0.2,0.2,0.72,0.2,3.0,0.01,"2,020",404.00,1
RELIANCE,2020-12-01,07-JAN-2021,X1,1.0,1.0,1.0,0.49,1.0,5.0,0.25,"1,010","1,010.00",1
RELIANCE,2020-12-14,07-JAN-2021,X1,0.99,0.99,0.99,1.0,0.99,1.0,0.25,"1,558","1,542.00",1
RELIANCE,2020-12-16,07-JAN-2021,X1,1.0,1.0,0.5,0.99,0.5,1.0,0.25,133,79.00,4
RELIANCE,2020-12-22,04-FEB-2021,X2,0.25,0.25,0.25,0.1,0.25,1.0,0.09,"22,439","5,610.00",29
RELIANCE,2020-12-23,07-JAN-2021,X1,0.8,0.8,0.5,0.94,0.5,1.0,0.25,276,158.00,2
RELIANCE,2020-12-28,07-JAN-2021,X1,0.75,0.75,0.75,0.5,0.75,1.0,0.25,1,1.00,1
RELIANCE,2020-12-31,04-FEB-2021,X2,0.01,0.01,0.01,0.25,0.01,1.0,0.01,"5,050",51.00,1
RELIANCE,2021-01-01,04-FEB-2021,X2,0.25,0.5,0.01,0.01,0.44,1.0,0.01,"15,987","4,375.00",10
RELIANCE,2021-01-07,04-FEB-2021,X2,0.47,0.47,0.47,0.44,0.47,1.0,0.01,100,47.00,1
RELIANCE,2021-01-11,04-FEB-2021,X2,0.3,0.3,0.3,0.47,0.3,0.5,0.01,"1,338",401.00,1
RELIANCE,2021-01-12,04-FEB-2021,X2,0.01,0.01,0.01,0.3,0.01,0.5,0.01,"17,278",173.00,1
RELIANCE,2021-01-13,04-FEB-2021,X2,0.01,0.01,0.01,0.01,0.01,0.5,0.01,"4,656",47.00,1
RELIANCE,2021-01-14,04-MAR-2021,X3,0.25,0.25,0.25,0.5,0.25,1.49,0.2,"4,324","1,081.00",1
RELIANCE,2021-01-15,04-MAR-2021,X3,0.25,0.25,0.25,0.25,0.25,1.49,0.2,"13,710","3,428.00",4
RELIANCE,2021-01-18,04-FEB-2021,X2,0.01,0.01,0.01,0.4,0.01,0.5,0.01,187,2.00,1
RELIANCE,2021-01-22,04-MAR-2021,X3,0.5,0.5,0.5,0.25,0.5,1.49,0.2,"1,054",527.00,1
RELIANCE,2021-01-28,04-MAR-2021,X3,2.0,2.0,2.0,0.5,2.0,2.0,0.2,408,816.00,1
RELIANCE,2021-01-29,04-FEB-2021,F1,1.7,1.7,1.7,9.39,1.7,1.7,1.7,150,255.00,1
RELIANCE,2021-02-01,04-MAR-2021,X3,1.7,1.7,1.7,0.35,1.7,2.0,0.25,100,170.00,1
RELIANCE,2021-02-04,04-MAR-2021,X3,0.49,0.49,0.49,1.7,0.49,2.0,0.25,388,190.00,1
RELIANCE,2021-02-11,04-MAR-2021,X3,0.96,0.96,0.96,0.49,0.96,2.0,0.25,700,672.00,2
RELIANCE,2021-02-15,05-APR-2021,X4,0.25,0.25,0.25,10.0,0.25,10.0,0.25,"13,500","3,375.00",5
RELIANCE,2021-02-23,05-APR-2021,X4,0.25,0.25,0.24,0.25,0.24,10.0,0.24,"11,047","2,748.00",6
RELIANCE,2021-02-25,05-APR-2021,X4,0.9,0.9,0.9,0.24,0.9,10.0,0.24,500,450.00,1
RELIANCE,2021-02-26,05-APR-2021,X4,1.24,1.25,0.95,0.9,0.95,10.0,0.24,"4,000","4,905.00",3
RELIANCE,2021-03-08,05-APR-2021,X4,0.45,0.45,0.45,0.95,0.45,10.0,0.24,"1,250",563.00,1
RELIANCE,2021-03-19,05-APR-2021,X4,0.47,0.47,0.47,0.45,0.47,10.0,0.24,250,118.00,1
RELIANCE,2021-03-22,06-MAY-2021,X5,0.25,0.45,0.25,0.5,0.4,2.0,0.25,"74,700","20,084.00",58
RELIANCE,2021-03-24,06-MAY-2021,X5,0.49,0.5,0.49,0.4,0.5,2.0,0.25,"6,796","3,348.00",4
RELIANCE,2021-03-26,06-MAY-2021,X5,0.3,0.45,0.01,0.5,0.45,2.0,0.01,"40,750","10,683.00",15
RELIANCE,2021-04-09,06-MAY-2021,X5,0.01,0.01,0.01,0.45,0.01,2.0,0.01,"5,316",53.00,1
RELIANCE,2021-04-12,06-MAY-2021,X5,0.01,0.01,0.01,0.01,0.01,2.0,0.01,"3,200",32.00,1
RELIANCE,2021-04-15,06-MAY-2021,X5,0.19,0.19,0.19,0.01,0.19,2.0,0.01,78,15.00,1
RELIANCE,2021-04-19,06-MAY-2021,X5,0.29,0.29,0.29,0.19,0.29,2.0,0.01,29,8.00,1
RELIANCE,2021-04-20,03-JUN-2021,X6,0.25,0.25,0.25,0.75,0.25,1.0,0.01,"8,958","2,240.00",9
RELIANCE,2021-04-22,06-MAY-2021,X5,0.27,0.27,0.27,0.29,0.27,2.0,0.01,13,4.00,1
RELIANCE,2021-04-26,03-JUN-2021,X6,0.25,0.3,0.25,0.25,0.3,1.0,0.01,"12,788","3,436.00",2
RELIANCE,2021-04-27,06-MAY-2021,X5,0.01,0.01,0.01,0.27,0.01,2.0,0.01,664,7.00,1
RELIANCE,2021-04-28,03-JUN-2021,X6,0.25,0.25,0.25,0.25,0.25,1.0,0.01,"41,559","10,390.00",3
RELIANCE,2021-04-29,03-JUN-2021,X6,0.25,0.25,0.25,0.25,0.25,1.0,0.01,"28,500","7,125.00",1
RELIANCE,2021-04-30,06-MAY-2021,X5,0.38,0.39,0.24,0.01,0.24,2.0,0.01,"2,000",656.00,3
RELIANCE,2021-05-03,03-JUN-2021,X6,0.45,0.45,0.45,0.25,0.45,1.0,0.1,471,212.00,1
RELIANCE,2021-05-07,03-JUN-2021,X6,0.2,0.2,0.2,0.45,0.2,1.0,0.1,"1,941",388.00,1
RELIANCE,2021-05-10,03-JUN-2021,X6,0.2,0.2,0.2,0.2,0.2,0.9,0.1,139,28.00,1
RELIANCE,2021-05-11,03-JUN-2021,X6,0.2,0.24,0.01,0.2,0.01,0.9,0.01,"43,850","7,039.00",8
RELIANCE,2021-05-12,03-JUN-2021,X6,0.01,0.01,0.01,0.01,0.01,0.9,0.01,"8,125",81.00,2
RELIANCE,2021-05-14,03-JUN-2021,X6,0.01,0.01,0.01,0.01,0.01,0.9,0.01,"9,900",99.00,1
RELIANCE,2021-05-18,03-JUN-2021,X6,0.2,0.2,0.2,0.01,0.2,0.75,0.01,327,65.00,1
RELIANCE,2021-05-27,01-JUL-2021,X7,0.4,0.4,0.01,0.3,0.01,1.0,0.01,"7,000",284.00,3
RELIANCE,2021-05-28,01-JUL-2021,X7,0.25,0.45,0.01,0.01,0.01,1.0,0.01,"14,950","2,977.00",11
RELIANCE,2021-05-31,01-JUL-2021,X7,0.25,0.45,0.25,0.01,0.45,1.0,0.01,"84,730","25,336.00",14
RELIANCE,2021-06-01,01-JUL-2021,X7,0.4,0.44,0.11,0.45,0.3,1.0,0.01,"96,900","29,387.00",16
RELIANCE,2021-06-03,01-JUL-2021,X7,0.5,0.5,0.5,0.3,0.5,1.0,0.01,"4,000","2,000.00",8
RELIANCE,2021-06-09,01-JUL-2021,X7,0.21,0.21,0.21,0.5,0.21,1.0,0.01,"1,276",268.00,3
RELIANCE,2021-06-15,01-JUL-2021,X7,0.27,0.3,0.01,0.21,0.01,1.0,0.01,"21,280","5,358.00",5
RELIANCE,2021-06-18,01-JUL-2021,X7,0.2,0.35,0.01,0.01,0.01,1.0,0.01,"11,250",463.00,3
RELIANCE,2021-06-21,05-AUG-2021,X8,0.25,0.25,0.25,0.2,0.25,2.0,0.05,"16,675","4,169.00",12
RELIANCE,2021-06-22,05-AUG-2021,X8,0.2,0.2,0.2,0.25,0.2,2.0,0.05,"11,395","2,279.00",2
RELIANCE,2021-06-23,05-AUG-2021,X8,0.25,0.25,0.25,0.2,0.25,2.0,0.05,25,6.00,1
RELIANCE,2021-06-24,05-AUG-2021,X8,0.25,0.25,0.25,0.25,0.25,2.0,0.05,"2,411",603.00,6
RELIANCE,2021-06-25,01-JUL-2021,L1,0.44,0.44,0.44,56.02,0.44,0.44,0.44,208,92.00,1
RELIANCE,2021-06-29,05-AUG-2021,X8,0.01,0.01,0.01,0.4,0.01,1.0,0.01,"5,500",55.00,1
RELIANCE,2021-06-30,05-AUG-2021,X8,0.35,0.35,0.01,0.01,0.01,1.0,0.01,"27,320","1,888.00",6
RELIANCE,2021-07-01,05-AUG-2021,X8,0.25,0.25,0.01,0.01,0.01,1.0,0.01,"39,082","4,354.00",2
RELIANCE,2021-07-02,05-AUG-2021,X8,0.25,0.49,0.25,0.01,0.25,1.0,0.01,"1,13,000","30,761.00",33
RELIANCE,2021-07-05,05-AUG-2021,X8,0.25,0.25,0.25,0.25,0.25,1.0,0.01,"14,275","3,569.00",6
RELIANCE,2021-07-06,05-AUG-2021,X8,0.25,0.39,0.25,0.25,0.39,1.0,0.01,"41,426","10,490.00",5
RELIANCE,2021-07-07,05-AUG-2021,X8,0.39,0.39,0.39,0.39,0.39,1.0,0.01,37,14.00,1
RELIANCE,2021-07-09,05-AUG-2021,X8,0.25,0.25,0.25,0.39,0.25,1.0,0.01,"4,725","1,181.00",5
RELIANCE,2021-07-12,05-AUG-2021,X8,0.3,0.3,0.3,0.25,0.3,0.75,0.01,"1,250",375.00,1
RELIANCE,2021-07-13,05-AUG-2021,X8,0.25,0.25,0.25,0.3,0.25,0.75,0.01,"10,000","2,500.00",1
RELIANCE,2021-07-14,02-SEP-2021,X9,0.01,0.01,0.01,0.01,0.01,1.2,0.01,"24,104",241.00,1
RELIANCE,2021-07-16,05-AUG-2021,G1,0.25,0.25,0.25,0.25,0.25,0.5,0.1,"15,000","3,750.00",1
RELIANCE,2021-07-19,05-AUG-2021,X8,0.29,0.3,0.29,0.25,0.3,0.5,0.01,"22,500","6,713.00",2
RELIANCE,2021-07-20,02-SEP-2021,X9,0.01,0.25,0.01,0.01,0.25,1.2,0.01,"29,918","7,264.00",4
RELIANCE,2021-07-23,02-SEP-2021,X9,0.45,0.45,0.45,0.25,0.45,1.2,0.01,"1,000",450.00,1
RELIANCE,2021-07-24,08-NOV-2021,XN,80.0,94.5,10.0,0.2,94.5,94.5,0.2,"1,280","45,175.00",128
RELIANCE,2021-07-26,05-AUG-2021,X8,0.01,0.01,0.01,0.01,0.01,0.49,0.01,500,5.00,1
RELIANCE,2021-07-27,05-AUG-2021,G1,0.25,0.25,0.25,0.25,0.25,0.25,0.1,500,125.00,1
RELIANCE,2021-07-29,05-AUG-2021,G1,0.35,0.35,0.25,0.25,0.35,0.35,0.1,"16,250","4,988.00",17
RELIANCE,2021-07-30,05-AUG-2021,08,3.0,3.0,3.0,1.34,3.0,3.0,3.0,250,750.00,1
RELIANCE,2021-08-02,02-SEP-2021,X9,0.35,0.35,0.01,0.4,0.01,1.2,0.01,"18,079",208.00,2
RELIANCE,2021-08-03,02-SEP-2021,X9,0.01,0.01,0.01,0.01,0.01,1.2,0.01,"35,352",354.00,3
RELIANCE,2021-08-04,02-SEP-2021,X9,0.35,0.35,0.01,0.01,0.01,1.2,0.01,"63,793","1,298.00",3
RELIANCE,2021-08-05,02-SEP-2021,X9,0.35,0.35,0.01,0.01,0.35,1.2,0.01,"47,330","1,357.00",3
RELIANCE,2021-08-06,02-SEP-2021,X9,0.25,0.25,0.01,0.35,0.25,1.2,0.01,"43,686","6,737.00",6
RELIANCE,2021-08-07,02-SEP-2021,09,10.0,10.0,10.0,0.5,10.0,10.0,10.0,60,600.00,6
RELIANCE,2021-08-09,02-SEP-2021,X9,0.25,0.25,0.01,0.25,0.25,1.2,0.01,"46,245","7,250.00",25
RELIANCE,2021-08-11,02-SEP-2021,S1,0.25,0.25,0.25,0.5,0.25,0.5,0.25,"47,000","11,750.00",4
RELIANCE,2021-08-12,02-SEP-2021,X9,0.25,0.49,0.25,0.45,0.49,1.2,0.01,"19,614","7,483.00",6
RELIANCE,2021-08-13,02-SEP-2021,X9,0.38,0.38,0.38,0.49,0.38,1.2,0.01,"14,000","5,320.00",1
RELIANCE,2021-08-16,07-OCT-2021,XO,0.25,0.25,0.25,0.25,0.25,5.0,0.1,1,-,1
RELIANCE,2021-08-17,02-SEP-2021,S1,0.25,0.25,0.25,0.25,0.25,0.5,0.25,"45,491","11,373.00",34
RELIANCE,2021-08-18,02-SEP-2021,X9,0.25,0.25,0.25,0.3,0.25,1.2,0.01,"10,798","2,700.00",4
RELIANCE,2021-08-20,07-OCT-2021,XO,0.5,0.5,0.5,0.49,0.5,5.0,0.01,799,400.00,1
RELIANCE,2021-08-23,07-OCT-2021,XO,0.35,0.35,0.35,0.5,0.35,5.0,0.01,"18,790","6,577.00",1
RELIANCE,2021-08-24,07-OCT-2021,XO,0.4,0.4,0.25,0.35,0.25,5.0,0.01,"37,023","12,559.00",15
RELIANCE,2021-08-25,07-OCT-2021,XO,0.25,0.25,0.25,0.25,0.25,5.0,0.01,268,67.00,1
RELIANCE,2021-08-26,02-SEP-2021,X9,0.39,0.5,0.3,0.25,0.5,1.2,0.01,"59,798","27,793.00",21
RELIANCE,2021-08-27,02-SEP-2021,S1,0.35,0.35,0.25,0.39,0.25,0.5,0.25,"34,398","8,925.00",7
RELIANCE,2021-08-30,07-OCT-2021,XO,0.45,0.45,0.45,0.5,0.45,5.0,0.01,"8,000","3,600.00",1
RELIANCE,2021-09-02,07-OCT-2021,XO,0.45,0.45,0.01,0.45,0.01,5.0,0.01,"41,200",502.00,3
RELIANCE,2021-09-03,07-OCT-2021,XO,0.01,0.01,0.01,0.01,0.01,5.0,0.01,"40,730",407.00,1
RELIANCE,2021-09-06,07-OCT-2021,O1,0.25,0.25,0.25,83.58,0.25,0.25,0.25,"48,300","12,075.00",6
RELIANCE,2021-09-07,07-OCT-2021,XO,0.01,0.01,0.01,0.01,0.01,1.35,0.01,"66,767",668.00,1
RELIANCE,2021-09-08,07-OCT-2021,XO,0.49,0.49,0.49,0.01,0.49,1.35,0.01,"1,500",735.00,1
RELIANCE,2021-09-13,07-OCT-2021,O1,0.25,0.25,0.25,0.25,0.25,0.25,0.25,"55,575","13,894.00",5
RELIANCE,2021-09-14,07-OCT-2021,O1,0.25,0.25,0.25,0.25,0.25,0.25,0.25,"30,427","7,607.00",22
RELIANCE,2021-09-15,07-OCT-2021,XO,0.45,0.49,0.45,0.49,0.49,0.95,0.01,"2,099",950.00,3
RELIANCE,2021-09-16,07-OCT-2021,XO,0.45,0.45,0.45,0.49,0.45,0.95,0.01,50,23.00,1
RELIANCE,2021-09-17,08-NOV-2021,XN,0.5,0.5,0.01,0.01,0.01,0.9,0.01,"58,332","4,748.00",2
RELIANCE,2021-09-22,08-NOV-2021,11,2.0,4.0,2.0,0.5,3.96,4.0,2.0,"3,000","11,700.00",5
RELIANCE,2021-09-27,07-OCT-2021,O1,0.3,0.3,0.3,0.25,0.3,0.3,0.25,"5,000","1,500.00",3
RELIANCE,2021-09-28,08-NOV-2021,XN,0.75,0.75,0.01,0.01,0.01,0.9,0.01,"47,750","10,695.00",3
RELIANCE,2021-09-29,08-NOV-2021,XN,0.01,0.69,0.01,0.01,0.01,0.9,0.01,"81,252","11,117.00",16
RELIANCE,2021-09-30,07-OCT-2021,O1,0.3,0.35,0.3,0.3,0.35,0.35,0.25,"9,000","3,025.00",3
RELIANCE,2021-10-01,07-OCT-2021,XO,5.0,5.0,0.2,0.4,0.2,5.0,0.01,"20,975","5,275.00",5
RELIANCE,2021-10-05,08-NOV-2021,XN,0.45,0.45,0.45,0.01,0.45,1.0,0.01,20,9.00,1
RELIANCE,2021-10-06,08-NOV-2021,XN,0.45,0.45,0.45,0.45,0.45,1.0,0.01,"25,500","11,475.00",1
RELIANCE,2021-10-08,08-NOV-2021,XN,0.2,0.25,0.2,0.45,0.25,1.0,0.01,"2,750",590.00,2
RELIANCE,2021-10-11,08-NOV-2021,XN,0.01,0.01,0.01,0.25,0.01,1.0,0.01,882,9.00,1
RELIANCE,2021-10-13,08-NOV-2021,XN,0.4,0.4,0.4,0.01,0.4,1.0,0.01,231,92.00,1
RELIANCE,2021-10-21,08-NOV-2021,XN,0.25,0.25,0.25,0.4,0.25,1.0,0.01,117,29.00,1
RELIANCE,2021-10-22,08-NOV-2021,XN,0.25,0.25,0.25,0.25,0.25,1.0,0.01,500,125.00,1
RELIANCE,2021-10-26,08-NOV-2021,XN,0.25,0.25,0.25,0.25,0.25,1.0,0.01,494,124.00,1
RELIANCE,2021-10-28,02-DEC-2021,XD,0.85,0.85,0.85,0.9,0.85,1.0,0.2,"1,250","1,063.00",1
RELIANCE,2021-10-29,02-DEC-2021,XD,0.5,0.5,0.5,0.85,0.5,1.0,0.2,"5,000","2,500.00",1
RELIANCE,2021-11-01,02-DEC-2021,XD,0.25,0.25,0.25,0.5,0.25,1.0,0.2,"5,016","1,254.00",4
RELIANCE,2021-11-08,02-DEC-2021,XD,0.5,0.84,0.25,0.25,0.25,1.0,0.2,"40,021","15,823.00",14
RELIANCE,2021-11-09,02-DEC-2021,XD,0.44,0.44,0.44,0.25,0.44,1.0,0.2,10,4.00,1
RELIANCE,2021-11-10,02-DEC-2021,XD,0.25,0.25,0.25,0.44,0.25,1.0,0.2,"2,000",500.00,2
RELIANCE,2021-11-11,02-DEC-2021,XD,0.25,0.25,0.25,0.25,0.25,1.0,0.2,"12,973","3,243.00",1
RELIANCE,2021-11-12,02-DEC-2021,D1,0.25,0.25,0.25,0.25,0.25,0.25,0.25,"25,896","6,474.00",4
RELIANCE,2021-11-15,02-DEC-2021,XD,0.2,0.2,0.2,0.25,0.2,1.0,0.2,"4,556",911.00,8
RELIANCE,2021-11-16,02-DEC-2021,XD,0.4,0.4,0.4,0.2,0.4,1.0,0.2,500,200.00,1
RELIANCE,2021-11-17,02-DEC-2021,XD,0.49,0.49,0.49,0.4,0.49,1.0,0.2,432,212.00,1
RELIANCE,2021-11-18,06-JAN-2022,X1,0.5,0.5,0.31,0.5,0.31,1.0,0.25,"53,756","25,561.00",17
RELIANCE,2021-11-22,06-JAN-2022,X1,0.35,0.35,0.35,0.31,0.35,1.0,0.25,"13,625","4,769.00",1
RELIANCE,2021-11-23,02-DEC-2021,XD,0.2,0.2,0.2,0.49,0.2,1.0,0.2,500,100.00,1
RELIANCE,2021-11-24,02-DEC-2021,D1,0.45,0.45,0.45,0.5,0.45,0.5,0.25,"1,250",563.00,1
RELIANCE,2021-11-25,06-JAN-2022,X1,0.5,0.5,0.49,0.5,0.49,1.0,0.01,"30,750","15,290.00",12
RELIANCE,2021-11-26,06-JAN-2022,X1,0.4,0.83,0.01,0.49,0.49,1.0,0.01,"92,797","42,422.00",31
RELIANCE,2021-12-02,06-JAN-2022,X1,0.49,0.5,0.49,0.49,0.5,1.0,0.01,"4,500","2,250.00",3
RELIANCE,2021-12-03,06-JAN-2022,X1,0.25,0.3,0.25,0.5,0.3,1.0,0.01,"8,970","2,612.00",2
RELIANCE,2021-12-07,06-JAN-2022,J1,0.25,0.25,0.25,0.91,0.25,0.25,0.25,"24,304","6,076.00",4
RELIANCE,2021-12-18,06-JAN-2022,X1,5.0,5.0,0.1,0.3,1.0,5.0,0.01,571,"2,606.00",3
RELIANCE,2021-12-22,03-FEB-2022,X2,0.01,0.01,0.01,0.98,0.01,0.98,0.01,"3,170",32.00,1
RELIANCE,2021-12-23,03-FEB-2022,X2,0.5,0.5,0.5,0.01,0.5,0.98,0.01,"4,250","2,125.00",2
RELIANCE,2021-12-29,03-FEB-2022,X2,0.01,0.01,0.01,0.5,0.01,0.98,0.01,"7,000",70.00,1
RELIANCE,2021-12-30,06-JAN-2022,X1,0.15,0.2,0.15,0.3,0.2,0.83,0.01,"3,450",671.00,3
RELIANCE,2021-12-31,03-FEB-2022,X2,0.25,0.75,0.25,0.01,0.75,0.98,0.01,"17,874","6,109.00",7
RELIANCE,2022-01-04,03-FEB-2022,X2,0.01,0.01,0.01,0.75,0.01,0.98,0.01,"4,004",40.00,1
RELIANCE,2022-01-05,03-FEB-2022,X2,0.25,0.39,0.01,0.01,0.39,0.98,0.01,"42,826","6,537.00",32
RELIANCE,2022-01-06,03-FEB-2022,X2,0.45,0.45,0.25,0.39,0.25,0.98,0.01,"11,178","2,800.00",4
RELIANCE,2022-01-12,03-FEB-2022,X2,0.25,0.25,0.01,0.25,0.25,0.98,0.01,"46,226","6,462.00",4
RELIANCE,2022-01-13,03-FEB-2022,X2,0.25,0.25,0.01,0.25,0.01,0.98,0.01,"33,000","3,156.00",8
RELIANCE,2022-01-14,03-FEB-2022,X2,0.25,0.25,0.25,0.01,0.25,0.98,0.01,"2,250",563.00,3
RELIANCE,2022-01-18,03-FEB-2022,X2,0.45,0.49,0.45,0.25,0.49,0.98,0.01,"16,750","7,961.00",12
RELIANCE,2022-01-19,03-MAR-2022,X3,0.25,0.4,0.25,0.4,0.4,2.0,0.25,"10,030","2,627.00",5
RELIANCE,2022-01-20,03-FEB-2022,X2,0.75,0.75,0.75,0.25,0.75,0.98,0.01,250,188.00,1
RELIANCE,2022-01-21,03-FEB-2022,X2,0.25,0.25,0.25,0.75,0.25,0.98,0.01,48,12.00,1
RELIANCE,2022-01-24,03-FEB-2022,F1,0.25,0.25,0.25,0.25,0.25,1.7,0.25,"45,988","11,497.00",6
RELIANCE,2022-01-27,03-MAR-2022,X3,0.84,0.84,0.84,0.4,0.84,2.0,0.25,70,59.00,1
RELIANCE,2022-01-28,03-MAR-2022,X3,0.5,0.79,0.01,0.84,0.01,2.0,0.01,"59,250","16,317.00",6
RELIANCE,2022-01-31,03-MAR-2022,X3,0.01,0.45,0.01,0.01,0.4,1.7,0.01,"38,162",882.00,3
RELIANCE,2022-02-02,03-MAR-2022,X3,0.44,0.44,0.44,0.4,0.44,1.7,0.01,57,25.00,1
RELIANCE,2022-02-10,03-MAR-2022,03,1.0,1.0,1.0,1.0,1.0,1.0,1.0,"1,731","1,731.00",1
RELIANCE,2022-02-11,03-MAR-2022,X3,0.01,0.01,0.01,0.44,0.01,0.96,0.01,"1,000",10.00,1
RELIANCE,2022-02-14,03-MAR-2022,X3,0.2,0.39,0.01,0.01,0.01,0.84,0.01,"21,367","3,075.00",6
RELIANCE,2022-02-15,03-MAR-2022,X3,0.01,0.01,0.01,0.01,0.01,0.84,0.01,"12,975",130.00,1
RELIANCE,2022-02-16,03-MAR-2022,X3,0.2,0.2,0.18,0.01,0.18,0.84,0.01,"3,000",577.00,3
RELIANCE,2022-02-17,03-MAR-2022,M1,0.2,0.2,0.2,0.5,0.2,1.0,0.2,"13,342","2,668.00",1
RELIANCE,2022-02-18,03-MAR-2022,X3,0.01,0.01,0.01,0.01,0.01,0.84,0.01,"27,728",277.00,1
RELIANCE,2022-02-21,03-MAR-2022,X3,0.01,0.01,0.01,0.01,0.01,0.84,0.01,67,1.00,1
RELIANCE,2022-02-22,03-MAR-2022,X3,0.01,0.01,0.01,0.01,0.01,0.84,0.01,"10,000",100.00,1
RELIANCE,2022-02-23,03-MAR-2022,X3,0.01,0.4,0.01,0.01,0.4,0.84,0.01,"10,700",127.00,2
RELIANCE,2022-02-24,03-MAR-2022,X3,1.0,1.0,1.0,0.4,1.0,1.0,0.01,20,20.00,1
RELIANCE,2022-02-25,07-APR-2022,X4,0.9,0.99,0.01,0.24,0.01,1.25,0.01,"23,036","4,780.00",8
RELIANCE,2022-02-28,07-APR-2022,X4,0.01,0.46,0.01,0.01,0.01,0.99,0.01,"18,047",227.00,4
RELIANCE,2022-03-02,07-APR-2022,X4,0.01,0.01,0.01,0.01,0.01,0.99,0.01,"1,264",13.00,1
RELIANCE,2022-03-03,07-APR-2022,X4,0.5,0.5,0.25,0.01,0.25,0.99,0.01,817,380.00,11
RELIANCE,2022-03-04,07-APR-2022,X4,0.5,0.5,0.5,0.25,0.5,0.99,0.01,137,69.00,1
RELIANCE,2022-03-07,07-APR-2022,X4,0.25,0.25,0.22,0.5,0.22,0.99,0.01,905,199.00,4
RELIANCE,2022-03-08,07-APR-2022,X4,0.01,0.01,0.01,0.22,0.01,0.99,0.01,"1,088",11.00,1
RELIANCE,2022-03-09,07-APR-2022,X4,0.05,0.05,0.05,0.01,0.05,0.99,0.01,500,25.00,1
RELIANCE,2022-03-10,07-APR-2022,X4,0.19,0.19,0.04,0.05,0.13,0.99,0.01,"1,448",115.00,4
RELIANCE,2022-03-14,07-APR-2022,X4,0.05,0.05,0.03,0.13,0.03,0.99,0.01,700,27.00,3
RELIANCE,2022-03-15,07-APR-2022,X4,0.24,0.24,0.24,0.03,0.24,0.99,0.01,36,9.00,1
RELIANCE,2022-03-16,05-MAY-2022,X5,0.25,0.25,0.25,0.24,0.25,0.5,0.01,"1,000",250.00,1
RELIANCE,2022-03-17,07-APR-2022,X4,0.24,0.24,0.24,0.24,0.24,0.99,0.01,46,11.00,1
RELIANCE,2022-03-21,05-MAY-2022,X5,0.25,0.25,0.25,0.25,0.25,0.5,0.01,"3,000",750.00,1
RELIANCE,2022-03-22,05-MAY-2022,X5,0.25,0.25,0.25,0.25,0.25,0.5,0.01,"4,000","1,000.00",1
RELIANCE,2022-03-23,05-MAY-2022,X5,0.25,0.25,0.25,0.25,0.25,0.5,0.01,"3,000",750.00,1
RELIANCE,2022-03-24,05-MAY-2022,X5,0.25,0.25,0.25,0.25,0.25,0.5,0.01,350,88.00,2
RELIANCE,2022-03-28,07-APR-2022,X4,0.25,0.25,0.25,0.24,0.25,0.99,0.01,"2,000",500.00,1
RELIANCE,2022-03-31,05-MAY-2022,X5,0.49,0.5,0.49,0.25,0.5,0.5,0.01,250,125.00,2
RELIANCE,2022-04-01,05-MAY-2022,X5,0.5,0.5,0.49,0.5,0.49,0.5,0.01,"2,604","1,300.00",4
RELIANCE,2022-04-04,05-MAY-2022,X5,0.49,0.49,0.49,0.49,0.49,0.5,0.01,500,245.00,1
RELIANCE,2022-04-05,05-MAY-2022,X5,0.25,0.25,0.25,0.49,0.25,0.5,0.01,10,3.00,1
RELIANCE,2022-04-07,05-MAY-2022,X5,0.15,0.15,0.12,0.25,0.12,0.5,0.01,"2,500",330.00,4
RELIANCE,2022-04-19,05-MAY-2022,X5,0.01,0.01,0.01,0.12,0.01,0.5,0.01,"15,205",152.00,1
RELIANCE,2022-04-20,05-MAY-2022,X5,0.4,0.4,0.01,0.01,0.35,0.5,0.01,"25,500","3,766.00",4
RELIANCE,2022-04-21,05-MAY-2022,X5,0.25,0.25,0.22,0.35,0.25,0.5,0.01,"9,242","2,252.00",4
RELIANCE,2022-04-22,05-MAY-2022,X5,0.2,0.2,0.2,0.25,0.2,0.5,0.01,750,150.00,1
RELIANCE,2022-04-25,02-JUN-2022,X6,0.25,0.25,0.25,0.25,0.25,0.45,0.01,"29,151","7,288.00",4
RELIANCE,2022-04-26,05-MAY-2022,X5,0.25,0.25,0.25,0.49,0.25,0.5,0.01,31,8.00,1
RELIANCE,2022-04-27,02-JUN-2022,X6,0.5,0.5,0.5,0.25,0.5,0.5,0.01,"21,500","10,750.00",11
RELIANCE,2022-04-28,02-JUN-2022,X6,0.55,0.74,0.25,0.5,0.7,0.74,0.01,"1,54,925","60,587.00",46
RELIANCE,2022-04-29,02-JUN-2022,X6,0.68,0.68,0.68,0.7,0.68,0.74,0.01,251,171.00,3
RELIANCE,2022-05-02,02-JUN-2022,X6,0.4,0.4,0.4,0.68,0.4,0.74,0.01,60,24.00,2
RELIANCE,2022-05-04,02-JUN-2022,X6,0.39,0.4,0.39,0.4,0.39,0.74,0.01,"22,000","8,742.00",2
RELIANCE,2022-05-05,02-JUN-2022,X6,0.25,0.25,0.24,0.39,0.24,0.74,0.01,"1,550",387.00,2
RELIANCE,2022-05-06,02-JUN-2022,X6,0.2,0.2,0.2,0.24,0.2,0.74,0.01,10,2.00,1
RELIANCE,2022-05-11,02-JUN-2022,X6,0.15,0.15,0.15,0.2,0.15,0.74,0.01,131,20.00,1
RELIANCE,2022-05-16,02-JUN-2022,X6,0.19,0.2,0.19,0.15,0.19,0.74,0.01,"1,000",195.00,2
RELIANCE,2022-05-20,02-JUN-2022,X6,0.1,0.1,0.1,0.19,0.1,0.74,0.01,249,25.00,1
RELIANCE,2022-05-23,07-JUL-2022,X7,0.25,0.25,0.25,0.25,0.25,0.5,0.01,"1,820",455.00,1
RELIANCE,2022-05-24,07-JUL-2022,X7,0.25,0.25,0.25,0.25,0.25,0.5,0.01,"1,482",371.00,2
RELIANCE,2022-05-25,07-JUL-2022,X7,0.2,0.2,0.2,0.25,0.2,0.5,0.01,104,21.00,1
RELIANCE,2022-05-26,07-JUL-2022,X7,0.2,0.25,0.2,0.2,0.22,0.5,0.01,705,161.00,4
RELIANCE,2022-05-27,07-JUL-2022,X7,0.23,0.25,0.23,0.22,0.25,0.5,0.01,"10,500","2,466.00",8
RELIANCE,2022-05-30,07-JUL-2022,X7,0.25,0.25,0.25,0.25,0.25,0.5,0.01,300,75.00,1
RELIANCE,2022-05-31,07-JUL-2022,X7,0.22,0.22,0.22,0.25,0.22,0.5,0.01,28,6.00,2
RELIANCE,2022-06-01,07-JUL-2022,X7,0.2,0.25,0.2,0.22,0.25,0.5,0.01,"41,229","9,839.00",24
RELIANCE,2022-06-02,07-JUL-2022,X7,0.7,0.75,0.25,0.25,0.25,0.75,0.01,"17,617","5,393.00",8
RELIANCE,2022-06-03,07-JUL-2022,X7,0.47,0.47,0.47,0.25,0.47,0.75,0.01,10,5.00,1
RELIANCE,2022-06-06,07-JUL-2022,L1,0.25,0.25,0.25,0.44,0.25,0.44,0.25,"35,784","8,946.00",19
RELIANCE,2022-06-07,07-JUL-2022,X7,0.24,0.24,0.24,0.25,0.24,0.75,0.01,53,13.00,2
RELIANCE,2022-06-08,07-JUL-2022,X7,0.2,0.2,0.2,0.24,0.2,0.75,0.01,12,2.00,1
RELIANCE,2022-06-09,07-JUL-2022,X7,0.2,0.2,0.2,0.2,0.2,0.75,0.01,"5,500","1,100.00",1
RELIANCE,2022-06-10,07-JUL-2022,X7,0.2,0.2,0.2,0.2,0.2,0.75,0.01,91,18.00,1
RELIANCE,2022-06-13,07-JUL-2022,X7,0.19,0.19,0.19,0.2,0.19,0.75,0.01,35,7.00,1
RELIANCE,2022-06-14,07-JUL-2022,X7,0.14,0.14,0.14,0.19,0.14,0.75,0.01,59,8.00,1
RELIANCE,2022-06-17,07-JUL-2022,X7,0.1,0.13,0.1,0.14,0.13,0.75,0.01,"7,500",788.00,3
RELIANCE,2022-06-20,07-JUL-2022,X7,0.13,0.25,0.12,0.13,0.12,0.75,0.1,"3,516",862.00,4
RELIANCE,2022-06-22,07-JUL-2022,X7,0.14,0.14,0.14,0.12,0.14,0.75,0.1,29,4.00,2
RELIANCE,2022-06-29,07-JUL-2022,L1,0.25,0.25,0.25,0.25,0.25,0.44,0.25,"2,000",500.00,1
RELIANCE,2022-07-01,04-AUG-2022,X8,0.49,0.49,0.29,0.39,0.3,0.49,0.01,"11,027","3,451.00",7
RELIANCE,2022-07-04,04-AUG-2022,X8,0.25,0.25,0.25,0.3,0.25,0.49,0.01,141,35.00,1
RELIANCE,2022-07-06,04-AUG-2022,X8,0.23,0.25,0.23,0.25,0.25,0.49,0.01,"14,000","3,498.00",2
RELIANCE,2022-07-07,04-AUG-2022,X8,0.25,0.25,0.25,0.25,0.25,0.49,0.01,15,4.00,1
RELIANCE,2022-07-11,04-AUG-2022,X8,0.18,0.18,0.18,0.25,0.18,0.49,0.01,2,-,1
RELIANCE,2022-07-21,01-SEP-2022,X9,0.7,0.7,0.7,0.5,0.7,0.7,0.01,150,105.00,1
RELIANCE,2022-07-28,04-AUG-2022,G1,0.25,0.25,0.25,0.35,0.25,0.35,0.25,"8,221","2,055.00",4
RELIANCE,2022-07-29,01-SEP-2022,X9,0.24,0.25,0.24,0.7,0.24,0.7,0.01,"4,250","1,059.00",5
RELIANCE,2022-08-02,01-SEP-2022,X9,0.23,0.23,0.23,0.24,0.23,0.7,0.01,"3,041",699.00,6
RELIANCE,2022-08-16,01-SEP-2022,X9,0.11,0.11,0.11,0.23,0.11,0.7,0.11,261,29.00,2
RELIANCE,2022-08-22,01-SEP-2022,X9,0.2,0.2,0.2,0.11,0.2,0.7,0.11,16,3.00,1
RELIANCE,2022-08-23,06-OCT-2022,XO,0.25,0.3,0.25,0.2,0.3,5.0,0.01,"4,048","1,212.00",2
RELIANCE,2022-08-26,01-SEP-2022,X9,0.17,0.17,0.17,0.2,0.17,0.7,0.11,"4,250",723.00,3
RELIANCE,2022-08-29,06-OCT-2022,XO,0.24,0.24,0.24,0.24,0.24,5.0,0.01,7,2.00,1
RELIANCE,2022-09-01,06-OCT-2022,XO,0.15,0.18,0.15,0.24,0.18,5.0,0.01,"12,197","1,837.00",3
RELIANCE,2022-09-13,06-OCT-2022,XO,0.22,0.22,0.22,0.18,0.22,5.0,0.15,194,43.00,1
RELIANCE,2022-09-20,06-OCT-2022,XO,0.2,0.2,0.2,0.22,0.2,5.0,0.15,"1,079",216.00,2
RELIANCE,2022-09-21,06-OCT-2022,XO,0.19,0.19,0.19,0.2,0.19,5.0,0.15,"2,000",380.00,1
RELIANCE,2022-09-22,06-OCT-2022,10,13.0,13.0,13.0,13.0,13.0,13.0,13.0,50,650.00,1
RELIANCE,2022-09-24,03-NOV-2022,XN,0.1,0.1,0.1,0.1,0.1,1.0,0.01,10,1.00,1
RELIANCE,2022-09-26,06-OCT-2022,O1,0.25,0.25,0.25,0.35,0.25,0.35,0.25,"4,000","1,000.00",1
RELIANCE,2022-09-27,06-OCT-2022,O1,0.25,0.25,0.25,0.25,0.25,0.35,0.25,"1,756",439.00,1
RELIANCE,2022-09-28,06-OCT-2022,O1,1.0,1.0,1.0,0.25,1.0,1.0,0.25,"1,244","1,244.00",1
RELIANCE,2022-09-30,03-NOV-2022,XN,0.24,0.24,0.24,0.25,0.24,1.0,0.01,57,14.00,2
RELIANCE,2022-10-04,03-NOV-2022,XN,0.19,0.19,0.19,0.24,0.19,0.45,0.01,100,19.00,1
RELIANCE,2022-10-07,03-NOV-2022,XN,0.2,0.23,0.2,0.19,0.23,0.45,0.01,"2,651",530.00,3
RELIANCE,2022-10-11,01-DEC-2022,XD,0.25,0.25,0.25,0.2,0.25,0.9,0.2,"6,175","1,544.00",4
RELIANCE,2022-10-21,03-NOV-2022,XN,0.2,0.2,0.2,0.23,0.2,0.25,0.1,82,16.00,1
RELIANCE,2022-10-25,03-NOV-2022,XN,0.1,0.1,0.1,0.2,0.1,0.25,0.1,443,44.00,1
RELIANCE,2022-10-27,03-NOV-2022,XN,0.1,0.1,0.1,0.1,0.1,0.25,0.1,10,1.00,1
RELIANCE,2022-10-28,01-DEC-2022,XD,0.2,0.2,0.2,0.25,0.2,0.85,0.2,"3,000",600.00,2
RELIANCE,2022-11-10,01-DEC-2022,XD,0.2,0.2,0.2,0.2,0.2,0.84,0.2,1,-,1
RELIANCE,2022-11-24,05-JAN-2023,X1,0.5,0.5,0.5,0.15,0.5,0.83,0.01,977,489.00,3
RELIANCE,2022-11-25,01-DEC-2022,XD,0.25,0.25,0.05,0.24,0.1,0.25,0.05,"15,250","1,591.00",13
RELIANCE,2022-11-28,05-JAN-2023,X1,0.4,0.4,0.4,0.49,0.4,0.5,0.15,1,-,1
RELIANCE,2022-12-05,05-JAN-2023,X1,0.25,0.25,0.25,0.4,0.25,0.5,0.15,32,8.00,1
RELIANCE,2022-12-06,05-JAN-2023,X1,0.25,0.25,0.25,0.25,0.25,0.5,0.15,147,37.00,1
RELIANCE,2022-12-08,05-JAN-2023,X1,0.1,0.1,0.1,0.25,0.1,0.5,0.1,14,1.00,1
RELIANCE,2022-12-19,05-JAN-2023,X1,0.24,0.24,0.24,0.1,0.24,0.5,0.1,83,20.00,1
RELIANCE,2022-12-21,05-JAN-2023,X1,0.25,0.25,0.25,0.24,0.25,0.5,0.1,10,3.00,1
RELIANCE,2022-12-28,02-FEB-2023,X2,0.25,0.25,0.25,0.39,0.25,0.75,0.01,"1,058",265.00,3
RELIANCE,2022-12-30,02-FEB-2023,X2,0.25,0.25,0.25,0.25,0.25,0.75,0.01,"3,964",991.00,2
RELIANCE,2023-01-03,02-FEB-2023,X2,0.25,0.25,0.25,0.25,0.25,0.75,0.01,"3,239",810.00,1
RELIANCE,2023-01-09,02-FEB-2023,X2,0.20,0.20,0.2,0.25,0.20,0.75,0.01,273,55.00,1
RELIANCE,2023-01-11,02-FEB-2023,X2,0.20,0.20,0.2,0.2,0.20,0.75,0.01,125,25.00,1
RELIANCE,2023-01-17,02-FEB-2023,X2,0.20,0.20,0.2,0.2,0.20,0.75,0.2,5,1.00,1
RELIANCE,2023-01-25,02-MAR-2023,X3,0.25,0.25,0.25,0.85,0.25,1.00,0.01,"9,054","2,264.00",2
RELIANCE,2023-01-27,02-FEB-2023,X2,0.24,0.25,0.24,0.2,0.24,0.49,0.2,"8,125","1,967.00",6
RELIANCE,2023-02-07,02-MAR-2023,X3,0.25,0.25,0.25,0.4,0.25,1.00,0.01,"1,469",367.00,1
RELIANCE,2023-02-13,02-MAR-2023,X3,0.38,0.38,0.38,0.25,0.38,1.00,0.01,750,285.00,1
RELIANCE,2023-02-16,06-APR-2023,X4,0.25,0.25,0.25,0.25,0.25,0.99,0.01,"1,289",322.00,1
RELIANCE,2023-02-17,06-APR-2023,X4,0.25,0.25,0.25,0.25,0.25,0.99,0.01,"13,130","3,283.00",5
RELIANCE,2023-02-20,06-APR-2023,X4,0.25,0.25,0.25,0.25,0.25,0.99,0.01,80,20.00,1
RELIANCE,2023-02-21,06-APR-2023,X4,0.25,0.30,0.25,0.25,0.28,0.99,0.01,"23,081","6,369.00",8
RELIANCE,2023-02-22,06-APR-2023,X4,0.74,0.89,0.25,0.28,0.25,0.99,0.01,"13,159","4,936.00",9
RELIANCE,2023-03-01,06-APR-2023,X4,0.25,0.25,0.15,0.25,0.15,0.89,0.01,411,62.00,2
RELIANCE,2023-03-02,06-APR-2023,X4,0.48,0.48,0.01,0.15,0.01,0.89,0.01,"24,599",363.00,2
RELIANCE,2023-03-03,06-APR-2023,X4,0.25,0.25,0.25,0.01,0.25,0.89,0.01,263,66.00,1
RELIANCE,2023-03-04,06-APR-2023,X4,60.00,60.00,5.0,0.25,5.00,60.00,0.01,746,"42,285.00",3
RELIANCE,2023-03-06,06-APR-2023,X4,0.01,0.01,0.01,0.25,0.01,0.89,0.01,"22,729",227.00,1
RELIANCE,2023-03-11,01-FEB-2024,X2,7.00,7.00,7.0,0.24,7.00,7.00,0.2,500,"3,500.00",1
RELIANCE,2023-03-22,06-APR-2023,X4,0.49,0.49,0.49,0.01,0.49,0.89,0.01,34,17.00,1
RELIANCE,2023-03-24,04-MAY-2023,X5,0.99,0.99,0.99,0.75,0.99,0.99,0.01,"5,000","4,950.00",1
RELIANCE,2023-03-28,04-MAY-2023,X5,0.50,0.50,0.25,0.99,0.25,0.99,0.01,"25,839","7,710.00",14
RELIANCE,2023-04-01,04-MAY-2023,X5,0.25,2.00,0.25,0.25,1.00,2.00,0.01,37,20.00,3
RELIANCE,2023-04-06,04-MAY-2023,X5,0.01,0.01,0.01,0.25,0.01,0.99,0.01,"20,839",208.00,1
RELIANCE,2023-04-18,04-MAY-2023,X5,0.20,0.20,0.2,0.01,0.20,0.99,0.01,550,110.00,1
RELIANCE,2023-04-19,04-MAY-2023,X5,0.20,0.20,0.2,0.2,0.20,0.99,0.01,750,150.00,1
RELIANCE,2023-04-26,04-MAY-2023,X5,0.01,0.01,0.01,0.2,0.01,0.99,0.01,"8,189",82.00,1
RELIANCE,2023-04-27,04-MAY-2023,X5,0.20,0.25,0.2,0.01,0.25,0.99,0.01,"14,058","2,929.00",3
RELIANCE,2023-04-28,01-JUN-2023,X6,0.25,0.25,0.25,0.25,0.25,0.85,0.01,"11,794","2,949.00",7
RELIANCE,2023-05-02,01-JUN-2023,X6,0.25,0.25,0.25,0.25,0.25,0.85,0.1,"9,750","2,438.00",1
RELIANCE,2023-05-03,01-JUN-2023,X6,0.25,0.25,0.25,0.25,0.25,0.85,0.1,375,94.00,1
RELIANCE,2023-05-04,01-JUN-2023,X6,0.25,0.25,0.25,0.25,0.25,0.85,0.1,370,93.00,1
RELIANCE,2023-05-08,01-JUN-2023,X6,0.25,0.25,0.25,0.25,0.25,0.85,0.1,101,25.00,1
RELIANCE,2023-05-09,01-JUN-2023,X6,0.01,0.01,0.01,0.25,0.01,0.85,0.01,"1,850",19.00,1
RELIANCE,2023-05-10,01-JUN-2023,X6,0.01,0.10,0.01,0.01,0.10,0.85,0.01,"8,170",651.00,3
RELIANCE,2023-05-12,01-JUN-2023,X6,0.01,0.01,0.01,0.1,0.01,0.85,0.01,"28,609",286.00,1
RELIANCE,2023-05-15,01-JUN-2023,X6,0.01,0.01,0.01,0.01,0.01,0.85,0.01,94,1.00,1
RELIANCE,2023-05-16,01-JUN-2023,U1,0.25,0.25,0.25,0.25,0.25,0.25,0.25,94,24.00,1
RELIANCE,2023-05-18,01-JUN-2023,X6,0.20,0.20,0.2,0.01,0.20,0.85,0.01,1,-,1
RELIANCE,2023-05-24,01-JUN-2023,X6,0.20,0.20,0.2,0.2,0.20,0.85,0.01,202,40.00,1
RELIANCE,2023-05-25,01-JUN-2023,X6,0.23,0.49,0.23,0.2,0.46,0.85,0.01,"9,500","2,839.00",7
RELIANCE,2023-05-26,01-JUN-2023,X6,0.05,0.05,0.05,0.46,0.05,0.85,0.01,"5,000",250.00,1
RELIANCE,2023-05-31,06-JUL-2023,X7,0.20,0.20,0.2,0.2,0.20,0.75,0.1,"2,527",505.00,6
RELIANCE,2023-06-07,06-JUL-2023,X7,0.24,0.24,0.24,0.2,0.24,0.25,0.1,16,4.00,1
RELIANCE,2023-06-08,06-JUL-2023,X7,0.20,0.20,0.2,0.24,0.20,0.25,0.1,705,141.00,2
RELIANCE,2023-06-17,06-JUL-2023,X7,0.10,0.10,0.1,0.2,0.10,0.25,0.1,10,1.00,1
RELIANCE,2023-06-21,03-AUG-2023,X8,0.25,0.25,0.25,0.15,0.25,0.49,0.15,"2,789",697.00,1
RELIANCE,2023-06-28,06-JUL-2023,X7,0.24,0.24,0.24,0.2,0.24,0.24,0.2,69,17.00,1
RELIANCE,2023-07-06,03-AUG-2023,X8,0.20,0.24,0.2,0.25,0.24,0.25,0.15,"1,334",314.00,2
RELIANCE,2023-07-26,07-SEP-2023,X9,0.50,0.50,0.5,0.17,0.50,0.50,0.11,100,50.00,1
RELIANCE,2023-07-27,03-AUG-2023,X8,0.24,0.24,0.24,0.24,0.24,0.25,0.15,702,168.00,1
RELIANCE,2023-08-01,07-SEP-2023,X9,0.50,0.50,0.5,0.5,0.50,0.50,0.11,"1,000",500.00,1
RELIANCE,2023-08-02,07-SEP-2023,X9,0.49,0.49,0.49,0.5,0.49,0.50,0.11,149,73.00,1
RELIANCE,2023-08-03,07-SEP-2023,X9,0.49,0.49,0.49,0.49,0.49,0.50,0.11,213,104.00,1
RELIANCE,2023-08-16,05-OCT-2023,XO,0.60,0.60,0.6,0.15,0.60,0.60,0.15,30,18.00,1
RELIANCE,2023-08-29,07-SEP-2023,X9,0.25,0.25,0.25,0.49,0.25,0.50,0.25,176,44.00,1
RELIANCE,2023-08-30,05-OCT-2023,10,2.00,2.00,2.0,13.0,2.00,13.00,2.0,55,110.00,1
RELIANCE,2023-08-31,07-SEP-2023,X9,0.24,0.24,0.24,0.25,0.24,0.50,0.24,"1,500",360.00,2
RELIANCE,2023-09-05,05-OCT-2023,XO,0.49,0.49,0.49,0.6,0.49,0.60,0.15,55,27.00,1
RELIANCE,2023-09-14,05-OCT-2023,XO,0.48,0.48,0.48,0.49,0.48,0.60,0.15,48,23.00,1
RELIANCE,2023-09-21,05-OCT-2023,XO,0.48,0.48,0.48,0.48,0.48,0.60,0.15,2,1.00,2
RELIANCE,2023-09-26,02-NOV-2023,XN,0.25,0.25,0.25,0.2,0.25,0.25,0.1,"5,000","1,250.00",2
RELIANCE,2023-09-28,05-OCT-2023,XO,0.25,0.25,0.25,0.48,0.25,0.60,0.15,410,103.00,1
RELIANCE,2023-09-29,02-NOV-2023,XN,0.30,0.45,0.3,0.5,0.45,0.50,0.1,598,187.00,2
RELIANCE,2023-10-03,02-NOV-2023,XN,0.49,0.49,0.49,0.45,0.49,0.50,0.1,61,30.00,1
RELIANCE,2023-10-04,02-NOV-2023,XN,0.25,0.25,0.25,0.49,0.25,0.50,0.1,"3,000",750.00,2
RELIANCE,2023-10-05,02-NOV-2023,XN,0.24,0.24,0.24,0.25,0.24,0.50,0.1,6,1.00,1
RELIANCE,2023-10-11,07-DEC-2023,XD,0.60,0.89,0.6,0.1,0.89,0.89,0.05,"6,000","5,055.00",4
RELIANCE,2023-10-12,07-DEC-2023,XD,0.89,0.89,0.75,0.89,0.75,0.89,0.05,"12,000","9,420.00",10
RELIANCE,2023-10-20,02-NOV-2023,XN,0.24,0.24,0.24,0.24,0.24,0.50,0.1,250,60.00,1
RELIANCE,2023-10-26,07-DEC-2023,XD,0.25,0.25,0.25,0.75,0.25,0.89,0.05,"21,250","5,313.00",14
RELIANCE,2023-10-27,07-DEC-2023,XD,0.25,0.25,0.25,0.25,0.25,0.89,0.05,"1,41,955","35,489.00",38
RELIANCE,2023-10-30,07-DEC-2023,XD,0.25,0.25,0.25,0.25,0.25,0.89,0.05,"12,326","3,082.00",9
RELIANCE,2023-10-31,07-DEC-2023,XD,0.25,0.25,0.25,0.25,0.25,0.89,0.05,"5,731","1,433.00",5
RELIANCE,2023-11-01,07-DEC-2023,XD,0.25,0.25,0.25,0.25,0.25,0.89,0.05,"5,728","1,432.00",1
RELIANCE,2023-11-02,07-DEC-2023,XD,0.25,0.43,0.25,0.25,0.43,0.89,0.05,"78,260","21,774.00",76
RELIANCE,2023-11-17,07-DEC-2023,XD,0.50,0.50,0.5,0.43,0.50,0.89,0.05,10,5.00,1
RELIANCE,2023-11-21,07-DEC-2023,D1,0.10,0.10,0.1,0.45,0.10,0.50,0.1,"30,390","3,039.00",4
RELIANCE,2023-11-22,07-DEC-2023,XD,0.23,0.25,0.23,0.5,0.25,0.89,0.05,"7,728","1,844.00",4
RELIANCE,2023-11-23,07-DEC-2023,D1,0.25,0.25,0.25,0.25,0.25,0.50,0.1,"44,150","11,038.00",20
RELIANCE,2023-11-25,07-DEC-2023,XD,"1,700.00","2,000.00",0.05,0.25,"2,000.00","2,000.00",0.05,300,"3,70,005.00",3
RELIANCE,2023-11-28,07-DEC-2023,D1,0.25,0.25,0.25,0.25,0.25,0.50,0.1,"70,000","17,500.00",36
RELIANCE,2023-12-04,04-JAN-2024,X1,0.49,0.50,0.49,0.25,0.49,0.50,0.1,"1,802",900.00,2
RELIANCE,2023-12-05,04-JAN-2024,X1,0.25,0.25,0.25,0.49,0.25,0.50,0.1,"7,494","1,874.00",3
RELIANCE,2023-12-13,04-JAN-2024,X1,0.49,0.49,0.49,0.25,0.49,0.50,0.24,14,7.00,1
RELIANCE,2023-12-18,01-FEB-2024,X2,0.50,0.50,0.5,0.24,0.50,0.50,0.2,10,5.00,1
RELIANCE,2024-01-02,01-FEB-2024,X2,0.50,0.50,0.5,-,0.50,0.50,0.2,1,1.00,1
RELIANCE,2024-01-03,01-FEB-2024,X2,0.45,0.45,0.45,0.50,0.45,0.50,0.2,1,-,1
RELIANCE,2024-01-05,01-FEB-2024,X2,0.23,0.23,0.23,0.45,0.23,0.50,0.2,251,58.00,1
RELIANCE,2024-01-08,01-FEB-2024,X2,0.20,0.20,0.2,0.23,0.20,0.50,0.2,1,-,1
RELIANCE,2024-01-11,01-FEB-2024,X2,0.23,0.23,0.23,0.20,0.23,0.50,0.2,"1,000",230.00,1
RELIANCE,2024-01-12,07-MAR-2024,X3,0.25,0.25,0.25,0.50,0.25,0.85,0.25,"9,750","2,438.00",2
RELIANCE,2024-01-15,07-MAR-2024,X3,0.25,0.25,0.25,0.25,0.25,0.85,0.25,"1,000",250.00,1
RELIANCE,2024-01-25,01-FEB-2024,X2,0.10,0.10,0.1,0.19,0.10,0.50,0.1,250,25.00,1
RELIANCE,2024-02-05,07-MAR-2024,X3,0.24,0.25,0.24,0.25,0.25,0.50,0.24,"7,500","1,855.00",3
RELIANCE,2024-02-07,07-MAR-2024,X3,0.25,0.25,0.25,0.25,0.25,0.50,0.24,"6,750","1,688.00",1
RELIANCE,2024-02-08,07-MAR-2024,X3,0.24,0.25,0.24,0.25,0.24,0.50,0.24,39,9.00,2
RELIANCE,2024-02-09,07-MAR-2024,X3,0.22,0.25,0.22,0.24,0.23,0.50,0.22,"13,311","3,169.00",5
RELIANCE,2024-02-23,07-MAR-2024,X3,0.20,0.20,0.2,0.23,0.20,0.50,0.2,100,20.00,1
RELIANCE,2024-02-28,07-MAR-2024,X3,0.10,0.10,0.1,0.20,0.10,0.50,0.1,66,7.00,1
RELIANCE,2024-02-29,07-MAR-2024,X3,0.18,0.18,0.18,0.10,0.18,0.50,0.1,250,45.00,1
RELIANCE,2024-03-04,04-APR-2024,X4,0.20,0.20,0.2,0.49,0.20,0.49,0.01,"2,000",400.00,8
RELIANCE,2024-03-06,04-APR-2024,X4,0.22,0.22,0.22,0.20,0.22,0.49,0.01,"1,000",220.00,2
RELIANCE,2024-03-12,04-APR-2024,X4,0.38,0.38,0.38,0.22,0.38,0.49,0.2,273,104.00,2
RELIANCE,2024-03-19,04-APR-2024,X4,0.22,0.22,0.22,0.38,0.22,0.49,0.2,250,55.00,1
RELIANCE,2024-03-20,02-MAY-2024,X5,0.89,0.89,0.89,0.25,0.89,0.99,0.01,"3,000","2,670.00",1
RELIANCE,2024-03-22,02-MAY-2024,X5,0.25,0.25,0.25,0.89,0.25,0.99,0.01,"4,000","1,000.00",1
RELIANCE,2024-03-26,04-APR-2024,X4,0.20,0.20,0.2,0.22,0.20,0.38,0.2,592,118.00,3
RELIANCE,2024-03-27,02-MAY-2024,X5,0.20,0.20,0.2,0.20,0.20,0.89,0.01,100,20.00,1
RELIANCE,2024-03-28,02-MAY-2024,X5,0.50,0.75,0.5,0.20,0.75,0.89,0.01,500,365.00,3
RELIANCE,2024-04-04,02-MAY-2024,X5,0.45,0.45,0.45,0.75,0.45,0.89,0.01,8,4.00,1
RELIANCE,2024-04-05,02-MAY-2024,X5,0.25,0.25,0.25,0.45,0.25,0.89,0.01,"28,935","7,234.00",5
RELIANCE,2024-04-08,02-MAY-2024,X5,0.25,0.25,0.25,0.25,0.25,0.89,0.01,"18,750","4,688.00",4
RELIANCE,2024-04-25,02-MAY-2024,X5,0.30,0.40,0.3,0.25,0.40,0.89,0.01,"4,750","1,875.00",6
RELIANCE,2024-04-26,06-JUN-2024,X6,0.89,0.89,0.89,7.30,0.89,7.30,0.01,8,7.00,1
RELIANCE,2024-04-30,06-JUN-2024,X6,0.25,0.25,0.25,0.89,0.25,7.30,0.01,"5,000","1,250.00",5
RELIANCE,2024-05-03,06-JUN-2024,X6,0.25,0.25,0.25,0.25,0.25,7.30,0.01,500,125.00,1
RELIANCE,2024-05-07,06-JUN-2024,X6,0.20,0.20,0.2,0.25,0.20,7.30,0.01,770,154.00,1
RELIANCE,2024-05-10,06-JUN-2024,X6,0.25,0.25,0.25,0.20,0.25,7.30,0.01,"11,445","2,861.00",2
RELIANCE,2024-05-13,06-JUN-2024,X6,0.24,0.24,0.24,0.25,0.24,7.30,0.01,"3,750",900.00,1
RELIANCE,2024-05-17,06-JUN-2024,X6,0.20,0.25,0.2,0.24,0.25,7.30,0.01,"4,500","1,078.00",2
RELIANCE,2024-05-30,06-JUN-2024,X6,0.23,0.23,0.23,0.25,0.23,7.30,0.2,500,115.00,1
RELIANCE,2024-06-03,04-JUL-2024,X7,0.50,0.50,0.5,0.24,0.50,0.50,0.2,250,125.00,1
RELIANCE,2024-06-04,04-JUL-2024,X7,0.50,0.50,0.4,0.50,0.48,0.50,0.2,"46,427","22,776.00",34
RELIANCE,2024-06-05,04-JUL-2024,X7,0.79,0.79,0.79,0.48,0.79,0.79,0.2,9,7.00,1
RELIANCE,2024-06-07,04-JUL-2024,L1,0.50,0.50,0.5,"2,529.50",0.50,0.50,0.25,"5,000","2,500.00",5
RELIANCE,2024-06-10,04-JUL-2024,X7,0.48,0.49,0.48,0.79,0.48,0.79,0.24,"1,800",873.00,2
RELIANCE,2024-06-14,01-AUG-2024,X8,0.50,0.50,0.5,0.24,0.50,0.50,0.2,"4,000","2,000.00",4
RELIANCE,2024-06-19,01-AUG-2024,X8,0.40,0.40,0.25,0.50,0.25,0.50,0.2,"3,000",900.00,3
RELIANCE,2024-06-21,04-JUL-2024,X7,0.25,0.74,0.25,0.25,0.40,0.79,0.24,"11,021","2,985.00",4
RELIANCE,2024-06-22,04-JUL-2024,X7,"2,100.00","2,100.00",0.1,0.40,"2,000.00","2,100.00",0.1,160,"3,10,001.00",3
RELIANCE,2024-06-24,04-JUL-2024,X7,0.74,0.74,0.74,0.40,0.74,0.79,0.24,33,24.00,1
RELIANCE,2024-06-25,04-JUL-2024,X7,0.40,0.40,0.4,0.74,0.40,0.79,0.24,94,38.00,1
RELIANCE,2024-06-27,01-AUG-2024,X8,0.80,0.80,0.8,0.88,0.80,0.88,0.2,"1,000",800.00,1
RELIANCE,2024-07-02,01-AUG-2024,X8,0.25,0.25,0.25,0.80,0.25,0.88,0.2,"5,000","1,250.00",12
RELIANCE,2024-07-05,01-AUG-2024,X8,0.25,0.25,0.25,0.25,0.25,0.88,0.2,"2,850",713.00,1
RELIANCE,2024-07-08,01-AUG-2024,X8,0.22,0.25,0.22,0.25,0.24,0.88,0.22,"8,413","2,053.00",6
RELIANCE,2024-07-12,05-SEP-2024,X9,0.50,0.50,0.5,0.24,0.50,0.50,0.24,250,125.00,1
RELIANCE,2024-07-25,01-AUG-2024,X8,0.22,0.22,0.22,0.24,0.22,0.88,0.22,250,55.00,1
RELIANCE,2024-07-26,05-SEP-2024,X9,0.25,0.25,0.25,0.25,0.25,0.50,0.24,150,38.00,1
RELIANCE,2024-07-29,05-SEP-2024,X9,0.22,0.25,0.2,0.25,0.25,0.50,0.2,"5,165","1,099.00",13
RELIANCE,2024-07-30,05-SEP-2024,X9,0.20,0.20,0.2,0.25,0.20,0.50,0.2,"4,000",800.00,4
RELIANCE,2024-08-01,05-SEP-2024,X9,0.25,0.25,0.25,0.20,0.25,0.50,0.2,"2,000",500.00,1
RELIANCE,2024-08-02,05-SEP-2024,X9,0.24,0.24,0.24,0.25,0.24,0.50,0.2,785,188.00,1
RELIANCE,2024-08-05,05-SEP-2024,X9,0.20,0.20,0.2,0.24,0.20,0.50,0.2,"3,300",660.00,3
RELIANCE,2024-08-06,05-SEP-2024,S1,0.25,0.25,0.2,0.50,0.20,0.50,0.2,"6,750","1,400.00",5
RELIANCE,2024-08-07,05-SEP-2024,X9,0.25,0.25,0.24,0.20,0.24,0.50,0.2,251,60.00,3
RELIANCE,2024-08-13,03-OCT-2024,XO,0.60,0.60,0.6,0.25,0.60,0.60,0.25,200,120.00,1
RELIANCE,2024-08-14,05-SEP-2024,S1,0.25,0.25,0.25,0.20,0.25,0.50,0.2,750,188.00,1
RELIANCE,2024-08-23,05-SEP-2024,X9,0.24,0.25,0.24,0.24,0.25,0.50,0.2,"2,721",658.00,4
RELIANCE,2024-08-28,05-SEP-2024,X9,0.24,0.24,0.24,0.25,0.24,0.50,0.2,98,24.00,1
RELIANCE,2024-08-29,03-OCT-2024,XO,0.75,0.88,0.75,0.60,0.75,0.88,0.25,181,137.00,2
RELIANCE,2024-09-02,03-OCT-2024,XO,0.45,0.50,0.45,0.75,0.50,0.88,0.25,211,96.00,3
RELIANCE,2024-09-03,03-OCT-2024,XO,0.50,0.50,0.5,0.50,0.50,0.88,0.25,50,25.00,1
RELIANCE,2024-09-04,03-OCT-2024,XO,0.30,0.30,0.3,0.50,0.30,0.88,0.25,"3,500","1,050.00",6
RELIANCE,2024-09-09,03-OCT-2024,XO,0.25,0.25,0.25,0.30,0.25,0.88,0.25,"22,026","5,507.00",6
RELIANCE,2024-09-17,03-OCT-2024,XO,0.25,0.25,0.25,0.25,0.25,0.88,0.25,50,13.00,1
RELIANCE,2024-09-24,03-OCT-2024,XO,0.40,0.74,0.4,0.25,0.74,0.88,0.25,37,24.00,2
RELIANCE,2024-09-25,07-NOV-2024,XN,0.25,0.84,0.25,0.25,0.84,0.84,0.24,"2,000","1,613.00",2
RELIANCE,2024-09-26,07-NOV-2024,XN,0.70,0.70,0.7,0.84,0.70,0.84,0.24,750,525.00,1
RELIANCE,2024-09-27,07-NOV-2024,XN,0.40,0.40,0.4,0.70,0.40,0.84,0.24,"1,000",400.00,2
RELIANCE,2024-10-03,07-NOV-2024,XN,0.74,0.74,0.74,0.40,0.74,0.84,0.24,3,2.00,1
RELIANCE,2024-10-10,07-NOV-2024,XN,0.25,0.25,0.25,0.74,0.25,0.84,0.24,28,7.00,1
RELIANCE,2024-10-17,07-NOV-2024,XN,0.25,0.25,0.25,0.25,0.25,0.84,0.24,10,3.00,1
RELIANCE,2024-10-30,05-DEC-2024,XD,0.25,0.25,0.25,0.25,0.25,0.50,0.23,"20,936","5,234.00",2
RELIANCE,2024-10-31,07-NOV-2024,XN,0.10,0.10,0.1,0.25,0.10,0.84,0.1,"3,000",300.00,4
RELIANCE,2024-11-01,05-DEC-2024,XD,0.25,1.00,0.25,0.54,0.28,1.00,0.23,"26,200","7,100.00",24
RELIANCE,2024-11-04,05-DEC-2024,XD,0.50,0.50,0.2,0.28,0.20,1.00,0.2,843,169.00,2
RELIANCE,2024-11-05,05-DEC-2024,XD,0.25,0.25,0.2,0.20,0.20,1.00,0.2,"2,000",425.00,4
RELIANCE,2024-11-06,05-DEC-2024,XD,0.25,0.25,0.25,0.20,0.25,1.00,0.2,"5,014","1,254.00",1
RELIANCE,2024-11-12,02-JAN-2025,X1,0.89,0.89,0.89,-,0.89,0.89,0.25,"3,000","2,670.00",1
RELIANCE,2024-11-25,05-DEC-2024,XD,0.24,0.24,0.05,0.25,0.05,1.00,0.05,"3,000",340.00,5
RELIANCE,2024-11-28,02-JAN-2025,X1,0.48,0.48,0.48,0.89,0.48,0.89,0.25,"1,500",720.00,1
RELIANCE,2024-12-03,02-JAN-2025,X1,0.48,0.50,0.25,0.48,0.25,0.89,0.25,"26,500","7,683.00",10
RELIANCE,2024-12-05,02-JAN-2025,X1,0.45,0.50,0.45,0.25,0.50,0.89,0.25,"5,000","2,296.00",5
RELIANCE,2024-12-26,06-FEB-2025,X2,0.49,0.49,0.49,0.10,0.49,0.50,0.1,"5,000","2,450.00",1
RELIANCE,2025-01-16,06-FEB-2025,X2,0.40,0.45,0.40,0.49,0.43,0.49,0.1,"16,650","7,116.00",6
RELIANCE,2025-01-17,06-FEB-2025,X2,0.49,0.49,0.45,0.43,0.45,0.49,0.1,7,3.00,7
RELIANCE,2025-01-20,06-FEB-2025,X2,0.50,0.50,0.50,0.45,0.50,0.50,0.1,1,1.00,1
RELIANCE,2025-01-22,06-FEB-2025,X2,0.23,0.23,0.23,0.5,0.23,0.50,0.1,500,115.00,1
RELIANCE,2025-02-03,06-MAR-2025,X3,0.25,0.25,0.25,0.18,0.25,0.25,0.1,500,125.00,1
RELIANCE,2025-02-04,06-MAR-2025,X3,0.25,0.25,0.25,0.25,0.25,0.25,0.1,"5,000","1,250.00",1
RELIANCE,2025-02-06,06-MAR-2025,X3,0.24,0.24,0.24,0.25,0.24,0.25,0.1,5,1.00,5
RELIANCE,2025-02-11,06-MAR-2025,X3,0.23,0.23,0.23,0.24,0.23,0.25,0.1,1,-,1
RELIANCE,2025-02-20,06-MAR-2025,X3,0.25,0.25,0.25,0.23,0.25,0.25,0.1,102,26.00,1
RELIANCE,2025-03-03,03-APR-2025,X4,0.25,0.25,0.25,0.2,0.25,0.38,0.2,500,125.00,1
RELIANCE,2025-03-04,03-APR-2025,X4,0.20,0.20,0.20,0.25,0.20,0.38,0.2,"5,000","1,000.00",1
RELIANCE,2025-03-06,03-APR-2025,X4,0.22,0.22,0.22,0.2,0.22,0.38,0.2,84,18.00,1
RELIANCE,2025-03-07,03-APR-2025,X4,0.20,0.24,0.20,0.22,0.24,0.38,0.2,"5,000","1,192.00",5
RELIANCE,2025-03-10,03-APR-2025,X4,0.20,0.25,0.20,0.24,0.24,0.38,0.2,"1,000",245.00,2
RELIANCE,2025-03-12,03-APR-2025,X4,0.25,0.25,0.25,0.24,0.25,0.38,0.2,5,1.00,1
RELIANCE,2025-03-24,02-MAY-2025,X5,0.50,0.50,0.50,0.4,0.50,0.75,0.2,500,250.00,1
RELIANCE,2025-04-02,02-MAY-2025,X5,0.50,0.50,0.50,0.5,0.50,0.50,0.25,"5,500","2,750.00",1
RELIANCE,2025-04-11,02-MAY-2025,X5,0.23,0.23,0.23,0.5,0.23,0.50,0.23,"1,500",345.00,3
RELIANCE,2025-04-16,05-JUN-2025,X6,0.99,0.99,0.99,0.23,0.99,7.30,0.2,1,1.00,1
RELIANCE,2025-05-05,05-JUN-2025,X6,0.23,0.23,0.23,0.99,0.23,0.99,0.2,10,2.00,1
RELIANCE,2025-05-15,05-JUN-2025,X6,0.20,0.22,0.20,0.23,0.22,0.99,0.2,"5,000","1,047.00",2
RELIANCE,2025-05-21,05-JUN-2025,X6,0.20,0.20,0.20,0.22,0.20,0.99,0.2,124,25.00,1
RELIANCE,2025-05-27,05-JUN-2025,X6,0.19,0.19,0.19,0.2,0.19,0.99,0.19,"1,000",190.00,2
RELIANCE,2025-05-30,03-JUL-2025,X7,0.24,0.25,0.24,0.4,0.25,0.79,0.24,"10,000","2,482.00",4
RELIANCE,2025-06-02,03-JUL-2025,X7,0.22,0.25,0.22,0.25,0.25,0.79,0.22,500,117.00,2
RELIANCE,2025-06-20,07-AUG-2025,X8,0.25,0.25,0.25,0.68,0.25,0.88,0.22,"20,000","5,000.00",4
RELIANCE,2025-06-24,03-JUL-2025,X7,0.24,0.24,0.24,0.24,0.24,0.74,0.22,148,36.00,1
RELIANCE,2025-06-26,07-AUG-2025,X8,0.23,0.23,0.22,0.25,0.22,0.80,0.22,"15,500","3,555.00",14
RELIANCE,2025-06-27,07-AUG-2025,X8,0.24,0.25,0.20,0.22,0.20,0.80,0.2,"35,030","8,271.00",23
RELIANCE,2025-06-30,07-AUG-2025,X8,0.19,0.19,0.19,0.2,0.19,0.68,0.19,29,6.00,1
RELIANCE,2025-07-01,07-AUG-2025,X8,0.25,0.25,0.22,0.19,0.22,0.68,0.19,"44,500","10,712.00",58
RELIANCE,2025-07-02,07-AUG-2025,X8,0.20,0.20,0.20,0.22,0.20,0.68,0.19,"1,000",200.00,2
RELIANCE,2025-07-04,07-AUG-2025,X8,0.24,0.24,0.24,0.2,0.24,0.68,0.19,"4,500","1,080.00",6
RELIANCE,2025-07-07,04-SEP-2025,X9,0.50,0.50,0.50,0.24,0.50,0.50,0.2,"5,500","2,750.00",4
RELIANCE,2025-07-08,07-AUG-2025,X8,0.21,0.21,0.21,0.22,0.21,0.68,0.19,6,1.00,1
RELIANCE,2025-07-09,07-AUG-2025,G1,0.25,0.25,0.25,0.25,0.25,0.35,0.25,"1,500",375.00,1
RELIANCE,2025-07-10,07-AUG-2025,X8,0.19,0.20,0.19,0.24,0.20,0.68,0.19,"8,000","1,578.00",6
RELIANCE,2025-07-11,07-AUG-2025,X8,0.24,0.24,0.24,0.2,0.24,0.68,0.19,146,35.00,1
RELIANCE,2025-07-16,07-AUG-2025,X8,0.24,0.24,0.24,0.24,0.24,0.68,0.19,750,180.00,1
RELIANCE,2025-07-17,07-AUG-2025,X8,0.24,0.24,0.24,0.24,0.24,0.68,0.19,1,-,1
RELIANCE,2025-07-22,07-AUG-2025,X8,0.24,0.24,0.24,0.24,0.24,0.68,0.19,100,24.00,1
RELIANCE,2025-07-23,07-AUG-2025,X8,0.20,0.20,0.20,0.24,0.20,0.68,0.19,381,76.00,1
RELIANCE,2025-07-25,04-SEP-2025,X9,0.40,0.40,0.40,0.5,0.40,0.50,0.2,176,70.00,1
RELIANCE,2025-07-31,04-SEP-2025,X9,0.25,0.25,0.25,0.4,0.25,0.50,0.2,"10,541","2,635.00",3
RELIANCE,2025-08-05,04-SEP-2025,X9,0.24,0.25,0.24,0.25,0.25,0.50,0.2,"2,301",572.00,3
RELIANCE,2025-08-18,04-SEP-2025,X9,0.24,0.24,0.24,0.25,0.24,0.50,0.24,10,2.00,1
RELIANCE,2025-08-28,03-OCT-2025,XO,0.25,0.25,0.24,0.05,0.24,0.88,0.05,"6,700","1,673.00",4
RELIANCE,2025-09-02,07-OCT-2025,10,0.50,0.50,0.50,2.0,0.50,0.50,0.5,500,250.00,1
RELIANCE,2025-09-03,07-OCT-2025,XO,0.18,0.18,0.18,0.24,0.18,0.74,0.05,16,3.00,1
RELIANCE,2025-09-10,07-OCT-2025,XO,0.21,0.21,0.21,0.18,0.21,0.74,0.05,30,6.00,1
RELIANCE,2025-09-19,04-NOV-2025,XN,0.50,0.50,0.50,0.1,0.50,0.84,0.1,15,8.00,1
RELIANCE,2025-09-26,04-NOV-2025,XN,0.22,0.22,0.22,0.5,0.22,0.84,0.1,272,60.00,2
RELIANCE,2025-09-30,07-OCT-2025,XO,0.22,0.22,0.22,0.21,0.22,0.25,0.18,22,5.00,1
RELIANCE,2025-10-01,04-NOV-2025,XN,0.19,0.19,0.19,0.22,0.19,0.74,0.1,150,29.00,1
RELIANCE,2025-10-04,01-SEP-2026,X9,150.00,150.00,150.00,0.22,150.00,150.00,0.22,"2,000","3,00,000.00",2
RELIANCE,2025-10-20,02-DEC-2025,XD,0.25,0.25,0.24,0.25,0.25,1.00,0.05,"20,000","4,910.00",3
RELIANCE,2025-10-24,02-DEC-2025,XD,0.23,0.23,0.23,0.25,0.23,1.00,0.05,883,203.00,1
RELIANCE,2025-10-27,02-DEC-2025,XD,0.11,0.11,0.11,0.23,0.11,1.00,0.05,100,11.00,1
RELIANCE,2025-10-28,04-NOV-2025,XN,0.24,0.24,0.24,0.19,0.24,0.50,0.1,"1,000",240.00,1
RELIANCE,2025-10-30,02-DEC-2025,XD,0.19,0.19,0.19,0.22,0.19,1.00,0.05,62,12.00,1
RELIANCE,2025-11-01,05-MAY-2026,X5,275.00,275.00,275.00,0.22,275.00,275.00,0.22,60,"16,500.00",4
RELIANCE,2025-11-13,02-DEC-2025,XD,0.18,0.25,0.02,0.19,0.14,0.25,0.02,"44,500","8,708.00",32
RELIANCE,2025-11-14,02-DEC-2025,XD,0.24,0.24,0.24,0.14,0.24,0.25,0.02,"2,500",600.00,1
RELIANCE,2025-11-17,02-DEC-2025,XD,0.14,0.14,0.14,0.24,0.14,0.25,0.02,22,3.00,1
RELIANCE,2025-11-20,06-JAN-2026,X1,0.10,0.10,0.10,1.99,0.10,1.99,0.1,224,22.00,2
RELIANCE,2025-11-25,06-JAN-2026,X1,0.05,0.05,0.05,0.1,0.05,1.99,0.05,45,2.00,2
RELIANCE,2025-11-26,06-JAN-2026,X1,0.05,0.24,0.05,0.05,0.24,1.99,0.05,265,34.00,5
RELIANCE,2025-11-27,06-JAN-2026,X1,0.10,0.25,0.10,0.24,0.25,1.99,0.05,"72,181","14,440.00",20
RELIANCE,2025-11-28,06-JAN-2026,X1,0.25,0.25,0.25,0.25,0.25,1.99,0.05,5,1.00,1
RELIANCE,2025-12-19,06-JAN-2026,X1,0.03,0.18,0.03,0.25,0.17,1.99,0.03,"35,600","5,063.00",24
RELIANCE,2025-12-20,01-DEC-2026,XD,"1,173.00","1,173.00","1,100.00",0.14,"1,100.00","1,173.00",0.02,250,"2,89,600.00",2
RELIANCE,2025-12-26,06-JAN-2026,J1,0.10,0.10,0.10,0.25,0.10,0.10,0.1,"4,999",500.00,2
RELIANCE,2025-12-30,06-JAN-2026,01,2.00,3.00,2.00,1.3,3.00,3.00,2.0,500,"1,152.00",2
